Type,Value
0,306.7099300824752
3,294.32549925839936
7,280.6029945361827
4,320.753814015207
1,316.7932728146583
9,291.68146927692595
6,302.75696574193273
5,302.4264220421208
8,274.5970828385255
2,286.0854868555854
